Artist_Tier,total_chart_appearances,average_rank,best_rank,career_length_days,top_50_rate
0,82.49397590361446,126.65966290483514,68.99518072289156,244.60481927710845,0.020416667307656244
1,361.3118971061093,78.38877112164161,13.97427652733119,526.2572347266881,0.41225601120755834
2,18.202080237741455,172.2414925499971,150.8558692421991,134.69836552748885,0.0
3,6926.035714285715,94.78712722195503,1.4285714285714286,2202.6071428571427,0.28230896874037154
4,723.8224043715848,114.73356316213571,26.26775956284153,1770.0628415300546,0.14868625902246485
